IC,Inclusion Criteria,
IC1,English Papers,The paper is available on-line and in English.
IC2,Within of Scope,The paper should be about configurable software systems.
IC3,Sample and Learning,"The paper deals with techniques to statistically learn data from a sample of configurations, as opposed to considering e.g. the single use of optimization techniques to search for the best (set of) configuration(s), and the use of sampling techniques for SPL testing purposes. "
,,
EC,Exclusion Criteria,
EC1,Abstract,"Introductions to special issues, workshops, tutorials, conferences, conference tracks, panels, poster sessions, as well as editorials and books."
EC2,Short Papers,Short papers (less than or equal to 4 pages) and work-in-progress.
EC3,Out of Scope,Pure artificial intelligence papers. 
EC4,Secondary Studies,"Secondary studies were not included in this review, such as literature reviews, comparative papers, articles presenting lessons learned, position or philosophical papers, with no technical contribution. However, the references of these studies were read in order to identify other relevant primary studies for inclusion through snowballing technique. Moreover, we consider secondary studies in the related work section."
,,
Search Date,Datadase,Search String
2/10/2019,ACM,"(acmdlTitle:(((""product line"" ""configurable system"" ""configurable software"" ""software configurations"" ""configuration of a software"" ""feature selection"" ""feature configuration"") AND (""machine learning"" ""model learning"" ""statistical learning"" ""learning techniques"" ""performance model"" ""performance prediction"" ""prediction of non-functional properties"" ""performance goal"" ""measure non-functional properties"" ""software performance"" ""program performance"" ""system performance"") AND (predict measure ""transfer learning"" ""optimal configuration"" ""optimal variant"" ""adaptation rules"" ""constraints"" context)) AND NOT (""gene"" medicine disease patient biology diagnosis molecular health brain biomedical))) OR (recordAbstract:(((""product line"" ""configurable system"" ""configurable software"" ""software configurations"" ""configuration of a software"" ""feature selection"" ""feature configuration"") AND (""machine learning"" ""model learning"" ""statistical learning"" ""learning techniques"" ""performance model"" ""performance prediction"" ""prediction of non-functional properties"" ""performance goal"" ""measure non-functional properties"" ""software performance"" ""program performance"" ""system performance"") AND (predict measure ""transfer learning"" ""optimal configuration"" ""optimal variant"" ""adaptation rules"" ""constraints"" context)) AND NOT (""gene"" medicine disease patient biology diagnosis molecular health brain biomedical))) OR (keywords.author.keyword:(((""product line"" ""configurable system"" ""configurable software"" ""software configurations"" ""configuration of a software"" ""feature selection"" ""feature configuration"") AND (""machine learning"" ""model learning"" ""statistical learning"" ""learning techniques"" ""performance model"" ""performance prediction"" ""prediction of non-functional properties"" ""performance goal"" ""measure non-functional properties"" ""software performance"" ""program performance"" ""system performance"") AND (predict measure ""transfer learning"" ""optimal configuration"" ""optimal variant"" ""adaptation rules"" ""constraints"" context)) AND NOT (""gene"" medicine disease patient biology diagnosis molecular health brain biomedical)))"
2/10/2019,Scopus,"( TITLE-ABS-KEY ( ( ""product line"" OR ""configurable system"" OR ""configurable software"" OR ""software configurations"" OR ""configuration of a software"" OR ""feature selection"" OR ""feature configuration"" ) ) AND TITLE-ABS-KEY ( ( ""machine learning"" OR ""model learning"" OR ""statistical learning"" OR ""learning techniques"" OR ""performance model"" OR ""performance prediction"" OR ""performance goal"" OR ""software performance"" OR ""program performance"" OR ""system performance"" OR ""prediction of non-functional properties"" OR ""measure non-functional properties"" ) ) AND TITLE-ABS-KEY ( ( predict OR measure OR ""transfer learning"" OR ""optimal configuration"" OR ""optimal variant"" OR ""adaptation rules"" OR ""constraints"" OR context ) ) AND NOT TITLE-ABS-KEY ( ( ""gene"" OR medicine OR disease OR patient OR biology OR diagnosis OR molecular OR health OR brain OR biomedical ) ) )"
2/10/2019,Springer Link*,"(((""product line"" OR ""configurable system"" OR ""configurable software"" OR ""software configurations"" OR ""configuration of a software"" OR ""feature selection"" OR ""feature configuration"") AND (""machine learning"" OR ""model learning"" OR ""statistical learning"" OR ""learning techniques"" OR ""performance model"" OR ""performance prediction"" OR ""performance goal"" OR ""software performance"" OR ""program performance"" OR ""system performance"" OR ""prediction of non-functional properties"" OR ""measure non-functional properties"") AND (predict OR measure OR ""transfer learning"" OR ""optimal configuration"" OR ""optimal variant"" OR ""adaptation rules"" OR ""constraints"" OR context)) AND NOT (""gene"" OR medicine OR disease OR patient OR biology OR diagnosis OR molecular OR health OR brain OR biomedical))"
2/10/2019,Science Direct*,"(""product line"" OR ""configurable system"" OR ""configurable software"" OR ""software configurations"" OR ""configuration of a software"" OR ""feature selection"" OR ""feature configuration"")"
2/10/2019,IEEE,"(((""product line"" OR ""configurable system"" OR ""configurable software"" OR ""software configurations"" OR ""configuration of a software"" OR ""feature selection"" OR ""feature configuration"") AND (""machine learning"" OR ""model learning"" OR ""statistical learning"" OR ""learning techniques"" OR ""performance model"" OR ""performance prediction"" OR ""performance goal"" OR ""software performance"" OR ""program performance"" OR ""system performance"" OR ""prediction of non-functional properties"" OR ""measure non-functional properties"") AND (predict OR measure OR ""transfer learning"" OR ""optimal configuration"" OR ""optimal variant"" OR ""adaptation rules"" OR ""constraints"" OR context)) AND NOT (""gene"" OR medicine OR disease OR patient OR biology OR diagnosis OR molecular OR health OR brain OR biomedical))"
"*The search string format we used was slightly modified to meet the search engine requirements of the different scientific databases. For example, the scientific library Science Direct limits the size of the search string. Thus, when searching in this library, we had to split the search string to generate an initial set of papers. Then, we created a script to perform an expert search of all keywords in the title and abstract over these results.",,